Workbook

Sheet 1_수면시간데이터
A1: 고등학생 평일 평균 수면시간 — 시도별 (2023년)
A2: 출처: 질병관리청 제19차(2023) 청소년건강행태조사 ※ 단위: 시간/일 (고등학생 평일 기준)
A3: ※ 전국 평균: 5.8시간 (권장 수면시간 8~10시간 대비 현저히 부족)
A5: 시도 | B5: 평일 평균 수면시간(시간)
A6: 서울 | B6: 5.7
A7: 부산 | B7: 5.9
A8: 대구 | B8: 5.9
A9: 인천 | B9: 5.8
A10: 광주 | B10: 6.1
A11: 대전 | B11: 6
A12: 울산 | B12: 6
A13: 경기 | B13: 5.8
A14: 강원 | B14: 6.2
A15: 충북 | B15: 6.1
A16: 충남 | B16: 6.1
A17: 전북 | B17: 6.1
... A22: 세종 | B22: 6.3

Sheet 2_학업스트레스데이터
A1: 고등학생 학업 스트레스 인지율 — 시도별 (2023년)
A2: 출처: 질병관리청 제19차(2023) 청소년건강행태조사 ※ 단위: % (성적·진로 부담으로 스트레스 인지)
A3: ※ 전국 평균: 40.3% 스트레스 원인 1위: 성적·진로에 대한 부담(36.1%)
A5: 시도 | B5: 학업 스트레스 인지율(%)
A6: 서울 | B6: 44.1
A7: 부산 | B7: 41.2
A8: 대구 | B8: 41.8
A9: 인천 | B9: 43.5
A10: 광주 | B10: 39.7
A11: 대전 | B11: 40.2
A12: 울산 | B12: 39.8
A13: 경기 | B13: 43
A14: 강원 | B14: 37.4
A15: 충북 | B15: 38.6
A16: 충남 | B16: 38.1
A17: 전북 | B17: 38.2
... A22: 세종 | B22: 37.1

Sheet 3_전처리_정규화
A1: 데이터 전처리 & Min-Max 정규화
A2: 정규화 공식: 정규화값 = (기준값 − 최솟값) ÷ (최댓값 − 최솟값) → 결과 범위: 0 ~ 1
A3: STEP 1 | B3: 두 데이터 파일을 합칩니다 (시도 기준으로 나란히 붙여넣기)
A4: STEP 2 | B4: 정규화된 값을 저장할 D열·E열 제목을 추가합니다
A5: STEP 3 | B5: D열 수면시간 정규화 공식: =(B9-MIN($B$9:$B$25))/(MAX($B$9:$B$25)-MIN($B$9:$B$25))
A6: STEP 4 | B6: E열 스트레스 정규화 공식: =(C9-MIN($C$9:$C$25))/(MAX($C$9:$C$25)-MIN($C$9:$C$25))
A8: 시도 | B8: 평균 수면시간(시간) | C8: 학업스트레스(%) | D8: 수면시간(정규화) | E8: 학업스트레스(정규화)
A9: 서울 | B9: 5.7 | C9: 44.1 | D9: =(B9-MIN($B$9:$B$25))/(MAX($B$9:$B$25)-MIN($B$9:$B$25)) -> 0 | E9: =(C9-MIN($C$9:$C$25))/(MAX($C$9:$C$25)-MIN($C$9:$C$25)) -> 1
A10: 부산 | B10: 5.9 | C10: 41.2 | D10: =(B10-MIN($B$9:$B$25))/(MAX($B$9:$B$25)-MIN($B$9:$B$25)) -> 0.28571429 | E10: =(C10-MIN($C$9:$C$25))/(MAX($C$9:$C$25)-MIN($C$9:$C$25)) -> 0.64634146
A11: 대구 | B11: 5.9 | C11: 41.8 | D11: =(B11-MIN($B$9:$B$25))/(MAX($B$9:$B$25)-MIN($B$9:$B$25)) -> 0.28571429 | E11: =(C11-MIN($C$9:$C$25))/(MAX($C$9:$C$25)-MIN($C$9:$C$25)) -> 0.7195122
A12: 인천 | B12: 5.8 | C12: 43.5 | D12: =(B12-MIN($B$9:$B$25))/(MAX($B$9:$B$25)-MIN($B$9:$B$25)) -> 0.14285714 | E12: =(C12-MIN($C$9:$C$25))/(MAX($C$9:$C$25)-MIN($C$9:$C$25)) -> 0.92682927
A13: 광주 | B13: 6.1 | C13: 39.7 | D13: =(B13-MIN($B$9:$B$25))/(MAX($B$9:$B$25)-MIN($B$9:$B$25)) -> 0.57142857 | E13: =(C13-MIN($C$9:$C$25))/(MAX($C$9:$C$25)-MIN($C$9:$C$25)) -> 0.46341463
A14: 대전 | B14: 6 | C14: 40.2 | D14: =(B14-MIN($B$9:$B$25))/(MAX($B$9:$B$25)-MIN($B$9:$B$25)) -> 0.42857143 | E14: =(C14-MIN($C$9:$C$25))/(MAX($C$9:$C$25)-MIN($C$9:$C$25)) -> 0.52439024
A15: 울산 | B15: 6 | C15: 39.8 | D15: =(B15-MIN($B$9:$B$25))/(MAX($B$9:$B$25)-MIN($B$9:$B$25)) -> 0.42857143 | E15: =(C15-MIN($C$9:$C$25))/(MAX($C$9:$C$25)-MIN($C$9:$C$25)) -> 0.47560976
A16: 경기 | B16: 5.8 | C16: 43 | D16: =(B16-MIN($B$9:$B$25))/(MAX($B$9:$B$25)-MIN($B$9:$B$25)) -> 0.14285714 | E16: =(C16-MIN($C$9:$C$25))/(MAX($C$9:$C$25)-MIN($C$9:$C$25)) -> 0.86585366
A17: 강원 | B17: 6.2 | C17: 37.4 | D17: =(B17-MIN($B$9:$B$25))/(MAX($B$9:$B$25)-MIN($B$9:$B$25)) -> 0.71428571 | E17: =(C17-MIN($C$9:$C$25))/(MAX($C$9:$C$25)-MIN($C$9:$C$25)) -> 0.18292683
A18: 충북 | B18: 6.1 | C18: 38.6 | D18: =(B18-MIN($B$9:$B$25))/(MAX($B$9:$B$25)-MIN($B$9:$B$25)) -> 0.57142857 | E18: =(C18-MIN($C$9:$C$25))/(MAX($C$9:$C$25)-MIN($C$9:$C$25)) -> 0.32926829
A19: 충남 | B19: 6.1 | C19: 38.1 | D19: =(B19-MIN($B$9:$B$25))/(MAX($B$9:$B$25)-MIN($B$9:$B$25)) -> 0.57142857 | E19: =(C19-MIN($C$9:$C$25))/(MAX($C$9:$C$25)-MIN($C$9:$C$25)) -> 0.26829268
A20: 전북 | B20: 6.1 | C20: 38.2 | D20: =(B20-MIN($B$9:$B$25))/(MAX($B$9:$B$25)-MIN($B$9:$B$25)) -> 0.57142857 | E20: =(C20-MIN($C$9:$C$25))/(MAX($C$9:$C$25)-MIN($C$9:$C$25)) -> 0.2804878
... A25: 세종 | B25: 6.3 | C25: 37.1 | D25: =(B25-MIN($B$9:$B$25))/(MAX($B$9:$B$25)-MIN($B$9:$B$25)) -> 0.85714286 | E25: =(C25-MIN($C$9:$C$25))/(MAX($C$9:$C$25)-MIN($C$9:$C$25)) -> 0.14634146

Sheet 4_꺾은선차트_시각화
A1: 데이터 시각화 — 정규화된 값으로 꺾은선 차트 비교
A2: 표전체 선택 -> [삽입]-[차트]-[꺾은선형] 삽입
A4: ='3_전처리_정규화'!A8 -> 시도 | B4: ='3_전처리_정규화'!B8 -> 평균 수면시간(시간) | C4: ='3_전처리_정규화'!C8 -> 학업스트레스(%) | D4: ='3_전처리_정규화'!D8 -> 수면시간(정규화) | E4: ='3_전처리_정규화'!E8 -> 학업스트레스(정규화)
A5: ='3_전처리_정규화'!A9 -> 서울 | B5: ='3_전처리_정규화'!B9 -> 5.7 | C5: ='3_전처리_정규화'!C9 -> 44.1 | D5: ='3_전처리_정규화'!D9 -> 0 | E5: ='3_전처리_정규화'!E9 -> 1
A6: ='3_전처리_정규화'!A10 -> 부산 | B6: ='3_전처리_정규화'!B10 -> 5.9 | C6: ='3_전처리_정규화'!C10 -> 41.2 | D6: ='3_전처리_정규화'!D10 -> 0.28571429 | E6: ='3_전처리_정규화'!E10 -> 0.64634146
A7: ='3_전처리_정규화'!A11 -> 대구 | B7: ='3_전처리_정규화'!B11 -> 5.9 | C7: ='3_전처리_정규화'!C11 -> 41.8 | D7: ='3_전처리_정규화'!D11 -> 0.28571429 | E7: ='3_전처리_정규화'!E11 -> 0.7195122
A8: ='3_전처리_정규화'!A12 -> 인천 | B8: ='3_전처리_정규화'!B12 -> 5.8 | C8: ='3_전처리_정규화'!C12 -> 43.5 | D8: ='3_전처리_정규화'!D12 -> 0.14285714 | E8: ='3_전처리_정규화'!E12 -> 0.92682927
A9: ='3_전처리_정규화'!A13 -> 광주 | B9: ='3_전처리_정규화'!B13 -> 6.1 | C9: ='3_전처리_정규화'!C13 -> 39.7 | D9: ='3_전처리_정규화'!D13 -> 0.57142857 | E9: ='3_전처리_정규화'!E13 -> 0.46341463
A10: ='3_전처리_정규화'!A14 -> 대전 | B10: ='3_전처리_정규화'!B14 -> 6 | C10: ='3_전처리_정규화'!C14 -> 40.2 | D10: ='3_전처리_정규화'!D14 -> 0.42857143 | E10: ='3_전처리_정규화'!E14 -> 0.52439024
A11: ='3_전처리_정규화'!A15 -> 울산 | B11: ='3_전처리_정규화'!B15 -> 6 | C11: ='3_전처리_정규화'!C15 -> 39.8 | D11: ='3_전처리_정규화'!D15 -> 0.42857143 | E11: ='3_전처리_정규화'!E15 -> 0.47560976
A12: ='3_전처리_정규화'!A16 -> 경기 | B12: ='3_전처리_정규화'!B16 -> 5.8 | C12: ='3_전처리_정규화'!C16 -> 43 | D12: ='3_전처리_정규화'!D16 -> 0.14285714 | E12: ='3_전처리_정규화'!E16 -> 0.86585366
A13: ='3_전처리_정규화'!A17 -> 강원 | B13: ='3_전처리_정규화'!B17 -> 6.2 | C13: ='3_전처리_정규화'!C17 -> 37.4 | D13: ='3_전처리_정규화'!D17 -> 0.71428571 | E13: ='3_전처리_정규화'!E17 -> 0.18292683
A14: ='3_전처리_정규화'!A18 -> 충북 | B14: ='3_전처리_정규화'!B18 -> 6.1 | C14: ='3_전처리_정규화'!C18 -> 38.6 | D14: ='3_전처리_정규화'!D18 -> 0.57142857 | E14: ='3_전처리_정규화'!E18 -> 0.32926829
A15: ='3_전처리_정규화'!A19 -> 충남 | B15: ='3_전처리_정규화'!B19 -> 6.1 | C15: ='3_전처리_정규화'!C19 -> 38.1 | D15: ='3_전처리_정규화'!D19 -> 0.57142857 | E15: ='3_전처리_정규화'!E19 -> 0.26829268
... A21: ='3_전처리_정규화'!A25 -> 세종 | B21: ='3_전처리_정규화'!B25 -> 6.3 | C21: ='3_전처리_정규화'!C25 -> 37.1 | D21: ='3_전처리_정규화'!D25 -> 0.85714286 | E21: ='3_전처리_정규화'!E25 -> 0.14634146

Sheet 5_상관분석_상관계수
A1: 통계적 분석 — 상관 분석 & 상관 계수
I2: 상관 분석과 상관 계수 해석 기준 (교과서 79p)
A3: 분석 도구 설정 | B3: [파일]-[옵션]-[추가 기능]-[Excel 추가 기능]-[분석 도구] 체크 → [확인] | I3: 상관 계수 범위 | J3: 상관관계 정도
A4: 상관 분석 실행 | B4: [데이터]-[데이터 분석]-[상관 분석] 선택 → [확인] | I4: ±0.9 ~ ±1.0 | J4: 매우 강함
A5: 입력 범위 설정 | B5: 정규화된 D열·E열 선택 (예: $D$8:$E$25), '첫째 행 이름표 사용' 체크 | I5: ±0.7 ~ ±0.9 | J5: 강함
A6: 결과 확인 | B6: 상관 계수 확인 함수 = CORREL(B10:B26,C10:C26) | I6: ±0.4 ~ ±0.7 | J6: 상관관계 있음
I7: ±0.2 ~ ±0.4 | J7: 약함
A8: 정규화 데이터 (CORREL 함수 계산용) | I8: 0 ~ ±0.2 | J8: 매우 약함
A9: 시도 | B9: 수면시간(정규화) | C9: 학업스트레스(정규화)
A10: 서울 | B10: ='3_전처리_정규화'!D9 -> 0 | C10: ='3_전처리_정규화'!E9 -> 1 | I10: ⚠️ 데이터 해석의 오류 주의 (교과서 80p)
A11: 부산 | B11: ='3_전처리_정규화'!D10 -> 0.28571429 | C11: ='3_전처리_정규화'!E10 -> 0.64634146 | I11: 생존자 편향의 오류 | J11: 일부 데이터만으로 전체를 판단하면 잘못된 결론 가능
A12: 대구 | B12: ='3_전처리_정규화'!D11 -> 0.28571429 | C12: ='3_전처리_정규화'!E11 -> 0.7195122 | I12: 심슨의 역설 | J12: 학교급(중/고)별 분리 시 추세가 반대로 나타날 수 있음
A13: 인천 | B13: ='3_전처리_정규화'!D12 -> 0.14285714 | C13: ='3_전처리_정규화'!E12 -> 0.92682927 | I13: 평균의 함정 | J13: 서울·경기 수도권 인구 집중이 평균값에 큰 영향을 줄 수 있음
A14: 광주 | B14: ='3_전처리_정규화'!D13 -> 0.57142857 | C14: ='3_전처리_정규화'!E13 -> 0.46341463
A15: 대전 | B15: ='3_전처리_정규화'!D14 -> 0.42857143 | C15: ='3_전처리_정규화'!E14 -> 0.52439024
A16: 울산 | B16: ='3_전처리_정규화'!D15 -> 0.42857143 | C16: ='3_전처리_정규화'!E15 -> 0.47560976
A17: 경기 | B17: ='3_전처리_정규화'!D16 -> 0.14285714 | C17: ='3_전처리_정규화'!E16 -> 0.86585366
A18: 강원 | B18: ='3_전처리_정규화'!D17 -> 0.71428571 | C18: ='3_전처리_정규화'!E17 -> 0.18292683
A19: 충북 | B19: ='3_전처리_정규화'!D18 -> 0.57142857 | C19: ='3_전처리_정규화'!E18 -> 0.32926829
A20: 충남 | B20: ='3_전처리_정규화'!D19 -> 0.57142857 | C20: ='3_전처리_정규화'!E19 -> 0.26829268
A21: 전북 | B21: ='3_전처리_정규화'!D20 -> 0.57142857 | C21: ='3_전처리_정규화'!E20 -> 0.2804878
A22: 전남 | B22: ='3_전처리_정규화'!D21 -> 0.85714286 | C22: ='3_전처리_정규화'!E21 -> 0.073170732
A23: 경북 | B23: ='3_전처리_정규화'!D22 -> 0.57142857 | C23: ='3_전처리_정규화'!E22 -> 0.24390244
A24: 경남 | B24: ='3_전처리_정규화'!D23 -> 0.42857143 | C24: ='3_전처리_정규화'!E23 -> 0.35365854
A25: 제주 | B25: ='3_전처리_정규화'!D24 -> 1 | C25: ='3_전처리_정규화'!E24 -> 0
A26: 세종 | B26: ='3_전처리_정규화'!D25 -> 0.85714286 | C26: ='3_전처리_정규화'!E25 -> 0.14634146
A28: 📊 피어슨 상관 계수 (CORREL 함수 자동 계산)
A29: 상관계수 | B29: =CORREL(B10:B26,C10:C26) -> -0.96364821
A31: 💡 분석 결과 해석
A32: 분석 문제 | B32: 수면시간이 부족할수록 학업 스트레스가 높을까?
A33: 상관 계수(r)
A34: 해석 | B34: 중간 음(−)의 상관관계
A35: 의미 | B35: 수면시간이 짧은 시도일수록 학업 스트레스 인지율이 높은 경향
A36: 주의사항 | B36: 상관관계 ≠ 인과관계 / 도시 집중도, 사교육 밀도 등 제3 변수 가능
